INSERT INTO `User` VALUES('admin','cc','admin','Admin Ad',145456);
INSERT INTO `Credentials` VALUES('admin','admin');
INSERT INTO `Admin` VALUES('admin','Your moms house');
INSERT INTO `User` VALUES('johnrice','ti','admin','Logan Jenkins',1000000896);
INSERT INTO `Credentials` VALUES('johnrice','5JEEXL');
INSERT INTO `Admin` VALUES('johnrice','ETJS');
INSERT INTO `User` VALUES('longkimberly','cc','client','Rebecca Reed',1000022338);
INSERT INTO `Credentials` VALUES('longkimberly','V1GW69');
INSERT INTO `Client` VALUES('longkimberly',4388922,'longkimberly@evilcorp.com','Adress very imporant!#$123.^',1928630);
INSERT INTO `User` VALUES('meganjohnson','cc','client','Veronica Jones',1000013109);
INSERT INTO `Credentials` VALUES('meganjohnson','RRPMO5');
INSERT INTO `Client` VALUES('meganjohnson',4048476,'meganjohnson@evilcorp.com','Adress very imporant!#$123.^',2263784);
INSERT INTO `User` VALUES('barnesrobin','cc','admin','Donna Velazquez',1000023256);
INSERT INTO `Credentials` VALUES('barnesrobin','PWHDBP');
INSERT INTO `Admin` VALUES('barnesrobin','IZVZF');
INSERT INTO `User` VALUES('veronica09','ti','client','Ryan Williamson',1000011563);
INSERT INTO `Credentials` VALUES('veronica09','PBV2EF');
INSERT INTO `Client` VALUES('veronica09',4334769,'veronica09@evilcorp.com','Adress very imporant!#$123.^',4418790);
INSERT INTO `User` VALUES('danielle22','cc','admin','Katelyn Cummings',1000013126);
INSERT INTO `Credentials` VALUES('danielle22','B8CC2K');
INSERT INTO `Admin` VALUES('danielle22','MBT');
INSERT INTO `User` VALUES('nicole81','cc','client','Charles Lewis',1000025527);
INSERT INTO `Credentials` VALUES('nicole81','CUMA92');
INSERT INTO `Client` VALUES('nicole81',8254473,'nicole81@evilcorp.com','Adress very imporant!#$123.^',1208620);
INSERT INTO `User` VALUES('wilsonderrick','ti','client','Jennifer Bell',1000023571);
INSERT INTO `Credentials` VALUES('wilsonderrick','3KFBVQ');
INSERT INTO `Client` VALUES('wilsonderrick',6558145,'wilsonderrick@evilcorp.com','Adress very imporant!#$123.^',2446444);
INSERT INTO `User` VALUES('ztyler','ti','client','Dr. Jennifer Bean',1000037776);
INSERT INTO `Credentials` VALUES('ztyler','XFT3ZP');
INSERT INTO `Client` VALUES('ztyler',1472212,'ztyler@evilcorp.com','Adress very imporant!#$123.^',2700305);
INSERT INTO `User` VALUES('codystewart','ti','client','Jacob Horton',1000026429);
INSERT INTO `Credentials` VALUES('codystewart','S0B3DH');
INSERT INTO `Client` VALUES('codystewart',6988917,'codystewart@evilcorp.com','Adress very imporant!#$123.^',4267443);
INSERT INTO `User` VALUES('collinsrobert','cc','client','Elizabeth Webb',1000015425);
INSERT INTO `Credentials` VALUES('collinsrobert','GLMP5S');
INSERT INTO `Client` VALUES('collinsrobert',6720282,'collinsrobert@evilcorp.com','Adress very imporant!#$123.^',3984019);
INSERT INTO `User` VALUES('casebradley','ti','admin','Christopher Rodgers',1000041127);
INSERT INTO `Credentials` VALUES('casebradley','I8VZ11');
INSERT INTO `Admin` VALUES('casebradley','UNQ');
INSERT INTO `User` VALUES('angelawatson','cc','client','Adam Foster',1000046153);
INSERT INTO `Credentials` VALUES('angelawatson','JIC7E3');
INSERT INTO `Client` VALUES('angelawatson',8989927,'angelawatson@evilcorp.com','Adress very imporant!#$123.^',4300926);
INSERT INTO `User` VALUES('eprice','ti','admin','Christopher Garcia',1000031803);
INSERT INTO `Credentials` VALUES('eprice','L6XPZN');
INSERT INTO `Admin` VALUES('eprice','ZRU');
INSERT INTO `User` VALUES('nancyryan','cc','admin','Luke Mcbride',1000025433);
INSERT INTO `Credentials` VALUES('nancyryan','XE9ZMV');
INSERT INTO `Admin` VALUES('nancyryan','HIRYP');
INSERT INTO `User` VALUES('hessalfred','ti','client','Joseph Baldwin',1000027997);
INSERT INTO `Credentials` VALUES('hessalfred','90U8TW');
INSERT INTO `Client` VALUES('hessalfred',1387934,'hessalfred@evilcorp.com','Adress very imporant!#$123.^',4172719);
INSERT INTO `User` VALUES('djohnson','ti','admin','Edward Juarez',1000049578);
INSERT INTO `Credentials` VALUES('djohnson','H8UYJI');
INSERT INTO `Admin` VALUES('djohnson','IWJFV');
INSERT INTO `User` VALUES('qmoore','ti','client','Carolyn Mcdonald',1000005634);
INSERT INTO `Credentials` VALUES('qmoore','3DTAZU');
INSERT INTO `Client` VALUES('qmoore',3439148,'qmoore@evilcorp.com','Adress very imporant!#$123.^',1360555);
INSERT INTO `User` VALUES('smithjane','ti','client','Elizabeth Cochran',1000034040);
INSERT INTO `Credentials` VALUES('smithjane','KLC3QS');
INSERT INTO `Client` VALUES('smithjane',1930970,'smithjane@evilcorp.com','Adress very imporant!#$123.^',3092592);
INSERT INTO `User` VALUES('alan67','cc','admin','Meagan Torres',1000025659);
INSERT INTO `Credentials` VALUES('alan67','FJ3LEZ');
INSERT INTO `Admin` VALUES('alan67','GJKPT');
INSERT INTO `User` VALUES('anthony76','ti','admin','Brad Hebert',1000043815);
INSERT INTO `Credentials` VALUES('anthony76','ME4SSE');
INSERT INTO `Admin` VALUES('anthony76','OEC');
INSERT INTO `User` VALUES('wilsonmeghan','ti','admin','William Garcia',1000042416);
INSERT INTO `Credentials` VALUES('wilsonmeghan','F71ZQI');
INSERT INTO `Admin` VALUES('wilsonmeghan','VSOM');
INSERT INTO `User` VALUES('russellconner','cc','admin','Ashley Benson',1000016525);
INSERT INTO `Credentials` VALUES('russellconner','9IJU91');
INSERT INTO `Admin` VALUES('russellconner','MJBOP');
INSERT INTO `User` VALUES('idelgado','cc','client','John Morse',1000044453);
INSERT INTO `Credentials` VALUES('idelgado','GV0BU0');
INSERT INTO `Client` VALUES('idelgado',54211,'idelgado@evilcorp.com','Adress very imporant!#$123.^',1679807);
INSERT INTO `User` VALUES('lovesteven','cc','client','Jose Lewis',1000030521);
INSERT INTO `Credentials` VALUES('lovesteven','08OJ0Q');
INSERT INTO `Client` VALUES('lovesteven',7395760,'lovesteven@evilcorp.com','Adress very imporant!#$123.^',2219803);
INSERT INTO `User` VALUES('ruizbetty','cc','admin','Joshua Lee',1000032667);
INSERT INTO `Credentials` VALUES('ruizbetty','Q0JTKS');
INSERT INTO `Admin` VALUES('ruizbetty','WCS');
INSERT INTO `User` VALUES('sadams','cc','client','Brett Watson MD',1000001331);
INSERT INTO `Credentials` VALUES('sadams','GS6VHA');
INSERT INTO `Client` VALUES('sadams',3488778,'sadams@evilcorp.com','Adress very imporant!#$123.^',3379271);
INSERT INTO `User` VALUES('tina96','cc','admin','William Rodriguez',1000021267);
INSERT INTO `Credentials` VALUES('tina96','JR3LWH');
INSERT INTO `Admin` VALUES('tina96','NOVG');
INSERT INTO `User` VALUES('rwest','ti','client','Kristen Hill',1000044602);
INSERT INTO `Credentials` VALUES('rwest','M8SN76');
INSERT INTO `Client` VALUES('rwest',5943862,'rwest@evilcorp.com','Adress very imporant!#$123.^',1555574);
INSERT INTO `User` VALUES('manningjoseph','cc','admin','Jessica Herrera',1000011048);
INSERT INTO `Credentials` VALUES('manningjoseph','E8IM12');
INSERT INTO `Admin` VALUES('manningjoseph','TCHL');
INSERT INTO `User` VALUES('armstrongsteven','cc','client','Brittney Cain',1000008870);
INSERT INTO `Credentials` VALUES('armstrongsteven','Y1H29Q');
INSERT INTO `Client` VALUES('armstrongsteven',9884540,'armstrongsteven@evilcorp.com','Adress very imporant!#$123.^',3223881);
INSERT INTO `User` VALUES('kimberly19','ti','admin','Abigail Torres',1000000770);
INSERT INTO `Credentials` VALUES('kimberly19','AE5BDI');
INSERT INTO `Admin` VALUES('kimberly19','SCH');
INSERT INTO `User` VALUES('ochoaelizabeth','cc','admin','James James',1000021195);
INSERT INTO `Credentials` VALUES('ochoaelizabeth','7INOVR');
INSERT INTO `Admin` VALUES('ochoaelizabeth','LNZ');
INSERT INTO `User` VALUES('danielbutler','ti','admin','Rebecca Garcia',1000027141);
INSERT INTO `Credentials` VALUES('danielbutler','UEQP8S');
INSERT INTO `Admin` VALUES('danielbutler','FERNJ');
INSERT INTO `User` VALUES('kpittman','cc','client','Ryan Mcgrath',1000037411);
INSERT INTO `Credentials` VALUES('kpittman','FA3YWH');
INSERT INTO `Client` VALUES('kpittman',1072460,'kpittman@evilcorp.com','Adress very imporant!#$123.^',1578101);
INSERT INTO `User` VALUES('nicoleowens','ti','client','Deanna Wallace',1000039671);
INSERT INTO `Credentials` VALUES('nicoleowens','FU0DTJ');
INSERT INTO `Client` VALUES('nicoleowens',8175762,'nicoleowens@evilcorp.com','Adress very imporant!#$123.^',3060236);
INSERT INTO `User` VALUES('jamesmoore','ti','admin','Louis Jackson',1000029569);
INSERT INTO `Credentials` VALUES('jamesmoore','N0QVB8');
INSERT INTO `Admin` VALUES('jamesmoore','TRH');
INSERT INTO `User` VALUES('joshuagutierrez','ti','client','Veronica Hall',1000033631);
INSERT INTO `Credentials` VALUES('joshuagutierrez','RYP0RG');
INSERT INTO `Client` VALUES('joshuagutierrez',1936421,'joshuagutierrez@evilcorp.com','Adress very imporant!#$123.^',1953118);
INSERT INTO `User` VALUES('yolanda97','ti','admin','Robert Lopez',1000004342);
INSERT INTO `Credentials` VALUES('yolanda97','AFPRBS');
INSERT INTO `Admin` VALUES('yolanda97','HSKFE');
INSERT INTO `User` VALUES('ibrock','ti','admin','James Rhodes',1000010328);
INSERT INTO `Credentials` VALUES('ibrock','GI7VB5');
INSERT INTO `Admin` VALUES('ibrock','PDN');
INSERT INTO `User` VALUES('patricksnyder','ti','client','Brent Hines',1000020856);
INSERT INTO `Credentials` VALUES('patricksnyder','AR9CUZ');
INSERT INTO `Client` VALUES('patricksnyder',925149,'patricksnyder@evilcorp.com','Adress very imporant!#$123.^',1618832);
INSERT INTO `User` VALUES('matthew03','ti','client','Nicole Mendoza',1000036477);
INSERT INTO `Credentials` VALUES('matthew03','2CSNXW');
INSERT INTO `Client` VALUES('matthew03',8752696,'matthew03@evilcorp.com','Adress very imporant!#$123.^',2960325);
INSERT INTO `User` VALUES('karenyoung','ti','admin','Rhonda Mckenzie',1000015546);
INSERT INTO `Credentials` VALUES('karenyoung','BH1HVQ');
INSERT INTO `Admin` VALUES('karenyoung','WCJV');
INSERT INTO `User` VALUES('jacqueline47','cc','admin','Kevin Cruz',1000016882);
INSERT INTO `Credentials` VALUES('jacqueline47','0IKISU');
INSERT INTO `Admin` VALUES('jacqueline47','LVYZ');
INSERT INTO `User` VALUES('smithdalton','cc','admin','Morgan Thompson',1000017453);
INSERT INTO `Credentials` VALUES('smithdalton','OIM90D');
INSERT INTO `Admin` VALUES('smithdalton','IKMMB');
INSERT INTO `User` VALUES('stephanie14','ti','client','Jordan Russo',1000029248);
INSERT INTO `Credentials` VALUES('stephanie14','TYU1EA');
INSERT INTO `Client` VALUES('stephanie14',3128658,'stephanie14@evilcorp.com','Adress very imporant!#$123.^',2758878);
INSERT INTO `User` VALUES('katherinedelacruz','cc','admin','Matthew Daniels',1000042153);
INSERT INTO `Credentials` VALUES('katherinedelacruz','6857QU');
INSERT INTO `Admin` VALUES('katherinedelacruz','MFRC');
INSERT INTO `User` VALUES('osanchez','cc','client','Dennis Torres',1000040755);
INSERT INTO `Credentials` VALUES('osanchez','5P3H8Q');
INSERT INTO `Client` VALUES('osanchez',8153653,'osanchez@evilcorp.com','Adress very imporant!#$123.^',3463728);
INSERT INTO `User` VALUES('williamscarolyn','cc','admin','Tara Thornton',1000027252);
INSERT INTO `Credentials` VALUES('williamscarolyn','IONK8V');
INSERT INTO `Admin` VALUES('williamscarolyn','IJAQ');
INSERT INTO `User` VALUES('annharris','ti','admin','Donna Ramirez',1000015786);
INSERT INTO `Credentials` VALUES('annharris','7S6PKQ');
INSERT INTO `Admin` VALUES('annharris','DOW');
INSERT INTO `Product` VALUES(DEFAULT,'illo','fija','simple',34,0.00121264114074,'Quod consectetur occaecati iure minima. Dignissimos quaerat ad impedit voluptates totam laudantium blanditiis. Error sed eligendi corrupti dolorum earum voluptatibus.');
INSERT INTO `Product` VALUES(DEFAULT,'aliquam','inicial','compuesto',29,0.101799342106,'Reprehenderit unde magni quibusdam ducimus temporibus nobis vitae. Alias nemo ullam in voluptas non exercitationem. Qui eius possimus optio placeat totam.');
INSERT INTO `Product` VALUES(DEFAULT,'reprehenderi','inicial','compuesto',19,0.0808043753777,'Magni doloribus corrupti veritatis asperiores dignissimos. Enim quas ipsa minus veniam quam. Impedit pariatur voluptatem rem vel. Laborum accusamus asperiores explicabo.');
INSERT INTO `Product` VALUES(DEFAULT,'consequuntur','inicial','simple',16,0.111681501529,'Architecto dicta nulla voluptatibus voluptas. Earum ipsa cum quis minus optio magnam. Nihil itaque vel saepe ex.');
INSERT INTO `Product` VALUES(DEFAULT,'voluptatem','fija','compuesto',30,0.00598737956135,'Similique esse nemo quae officiis. A perferendis aspernatur occaecati non eos voluptates. Fugit ratione cum unde eveniet odio quidem. Enim id veritatis quia enim dolorum.');
INSERT INTO `Product` VALUES(DEFAULT,'sequi','inicial','compuesto',28,0.123800594301,'Dolorem eum quo odio mollitia architecto. Officia minus molestias quasi totam. Voluptatum dicta laudantium eaque dicta.');
INSERT INTO `Product` VALUES(DEFAULT,'omnis','fija','compuesto',25,0.193100802963,'Reprehenderit consequuntur itaque id rerum illo. Harum harum sit dicta fugiat consequatur autem. Iure non pariatur minus quae expedita consequuntur exercitationem debitis.');
INSERT INTO `Product` VALUES(DEFAULT,'enim','fija','compuesto',28,0.0557825058542,'Eius libero totam magni voluptas. Doloribus reprehenderit consequuntur laudantium aliquid assumenda. Suscipit asperiores consectetur explicabo soluta dignissimos debitis aliquid quis.');
INSERT INTO `Product` VALUES(DEFAULT,'sed','sin','simple',36,0.148393401431,'Minus esse excepturi accusamus neque quas unde excepturi. Eligendi deleniti ipsa explicabo provident ipsum ab totam ducimus. Nam expedita ad maxime laboriosam impedit impedit asperiores similique.');
INSERT INTO `Product` VALUES(DEFAULT,'occaecati','sin','compuesto',26,0.162888279638,'Assumenda tenetur autem quaerat labore. Neque ut voluptas temporibus fugit. Commodi in tempora maxime officiis porro quaerat. Corrupti autem praesentium tenetur repellat illo.');
INSERT INTO `Product` VALUES(DEFAULT,'impedit','inicial','compuesto',25,0.180783895251,'Sunt nesciunt eius repudiandae. Facilis debitis ducimus in aperiam dolore similique quis quisquam. Assumenda dolore dolores tempora doloribus facilis.');
INSERT INTO `Product` VALUES(DEFAULT,'inventore','fija','compuesto',28,0.116428050052,'Sint necessitatibus architecto mollitia magni qui mollitia. Vitae quidem quis unde. Magni rem dolores assumenda consequatur.');
INSERT INTO `Product` VALUES(DEFAULT,'alias','inicial','simple',19,0.0209681396818,'Accusantium reprehenderit et accusantium. Velit nostrum ullam architecto quibusdam quasi beatae autem.');
INSERT INTO `Product` VALUES(DEFAULT,'culpa','fija','simple',19,0.044321251974,'Nihil recusandae occaecati aspernatur odio quo nulla. Quo iste laborum vel magnam. Eaque dolorem ratione sunt recusandae.');
INSERT INTO `Product` VALUES(DEFAULT,'fuga','fija','simple',19,0.083882713014,'Ex expedita expedita tempora autem rem. Nemo eum eum nulla delectus quod laboriosam. Neque occaecati in et. Odit accusamus unde reiciendis voluptas qui.');
INSERT INTO `Product` VALUES(DEFAULT,'beatae','sin','simple',24,0.130417658347,'Sit magni repellat quis ipsa in repellat. Magni explicabo saepe iste odit. Illo velit consequatur voluptatum minima cupiditate non eaque. Repellat dolores harum maxime velit.');
INSERT INTO `Product` VALUES(DEFAULT,'dolorum','inicial','simple',24,0.137590015427,'Veritatis excepturi incidunt ipsa praesentium non similique officiis. Sunt quidem consequatur nam voluptates esse ratione. Quos labore minima ullam similique.');
INSERT INTO `Product` VALUES(DEFAULT,'voluptas','inicial','simple',34,0.141955364526,'Aperiam hic iure omnis alias repudiandae esse officia. Laudantium perferendis consequuntur voluptas. Totam earum blanditiis unde similique commodi iure. Dolore consequatur necessitatibus error autem.');
INSERT INTO `Product` VALUES(DEFAULT,'molestias','fija','compuesto',20,0.151993422786,'Repellat reprehenderit dolor maxime temporibus eum. Porro ullam optio ipsa magnam.');
INSERT INTO `Product` VALUES(DEFAULT,'quam','inicial','simple',15,0.198568357151,'Ipsum aliquid et minima aperiam facilis voluptatem. Ad illo eos quae excepturi. Perspiciatis dolore nulla ducimus repellat dolorem ipsum. Quidem recusandae deserunt necessitatibus asperiores.');
INSERT INTO `Acquiredproduct` VALUES(DEFAULT,3,'longkimberly',9,3786942,846778.829441,846778.829441,'danielle22','1990-06-14',0);
INSERT INTO `Acquiredproduct` VALUES(DEFAULT,15,'longkimberly',3,93679072,33845708.904,33845708.904,'ochoaelizabeth','1985-03-17',0);
INSERT INTO `Acquiredproduct` VALUES(DEFAULT,9,'longkimberly',27,2148836,91396.6327096,2102122.55232,'russellconner','2006-10-17',0);
INSERT INTO `Acquiredproduct` VALUES(DEFAULT,12,'longkimberly',10,7499809,2256096.11907,0.0,'williamscarolyn','1979-04-20',0);
INSERT INTO `Acquiredproduct` VALUES(DEFAULT,13,'longkimberly',5,21648381,4420461.45534,0.0,'tina96','2006-05-20',0);
INSERT INTO `Acquiredproduct` VALUES(DEFAULT,7,'longkimberly',25,2419975,7994647.51635,191871540.393,'wilsonmeghan','1974-07-07',0);
INSERT INTO `Acquiredproduct` VALUES(DEFAULT,6,'longkimberly',7,43744233,14146453.2309,0.0,'anthony76','2012-09-24',0);
INSERT INTO `Acquiredproduct` VALUES(DEFAULT,8,'longkimberly',20,598702,88648.2045491,1507019.47733,'karenyoung','1971-02-18',0);
INSERT INTO `Acquiredproduct` VALUES(DEFAULT,14,'longkimberly',7,1209005,180369.945035,541109.835104,'williamscarolyn','2000-02-06',0);
INSERT INTO `Acquiredproduct` VALUES(DEFAULT,4,'longkimberly',15,1962391,145436.918231,1890679.937,'karenyoung','2003-10-15',0);
INSERT INTO `Acquiredproduct` VALUES(DEFAULT,16,'longkimberly',15,7742521,583485.497235,583485.497235,'tina96','1974-12-07',0);
INSERT INTO `Acquiredproduct` VALUES(DEFAULT,1,'longkimberly',28,18122655,648022.545608,11016383.2753,'alan67','2008-08-09',0);
INSERT INTO `Acquiredproduct` VALUES(DEFAULT,2,'longkimberly',23,5637652,2278915.00945,34183725.1417,'annharris','1979-06-16',0);
INSERT INTO `Acquiredproduct` VALUES(DEFAULT,5,'longkimberly',12,4022281,360082.114408,1440328.45763,'yolanda97','1990-06-19',0);
INSERT INTO `Acquiredproduct` VALUES(DEFAULT,10,'longkimberly',5,3815869,1622980.94025,1622980.94025,'casebradley','1990-11-03',0);
INSERT INTO `Acquiredproduct` VALUES(DEFAULT,11,'longkimberly',5,18401840,8447794.71477,0.0,'karenyoung','1995-07-12',0);
INSERT INTO `Acquiredproduct` VALUES(DEFAULT,1,'meganjohnson',25,18412746,737402.962133,13273253.3184,'williamscarolyn','1995-02-04',0);
INSERT INTO `Acquiredproduct` VALUES(DEFAULT,1,'veronica09',20,38071659,1905891.313,22870695.756,'anthony76','2013-09-25',0);
INSERT INTO `Acquiredproduct` VALUES(DEFAULT,11,'nicole81',10,7948733,4187956.10223,41879561.0223,'djohnson','1975-05-30',0);
INSERT INTO `Acquiredproduct` VALUES(DEFAULT,16,'nicole81',21,3027990,162994.922157,2444923.83236,'annharris','2009-03-04',0);
INSERT INTO `Acquiredproduct` VALUES(DEFAULT,10,'nicole81',20,88263755,90263521.4525,451317607.263,'russellconner','1987-07-31',0);
INSERT INTO `Acquiredproduct` VALUES(DEFAULT,9,'nicole81',28,7990739,327732.569291,1966395.41575,'ochoaelizabeth','1987-11-16',0);
INSERT INTO `Acquiredproduct` VALUES(DEFAULT,14,'nicole81',11,9817702,932075.894923,5592455.36954,'ochoaelizabeth','1981-06-02',0);
INSERT INTO `Acquiredproduct` VALUES(DEFAULT,7,'nicole81',17,3072359,3635250.8556,10905752.5668,'barnesrobin','1971-08-06',0);
INSERT INTO `Acquiredproduct` VALUES(DEFAULT,4,'nicole81',15,9503610,704332.495649,8451989.94779,'manningjoseph','2008-01-25',0);
INSERT INTO `Acquiredproduct` VALUES(DEFAULT,12,'nicole81',5,28388859,9847627.92225,0.0,'manningjoseph','1985-02-21',0);
INSERT INTO `Acquiredproduct` VALUES(DEFAULT,5,'nicole81',23,93127213,4644906.91466,102187952.123,'yolanda97','1995-06-26',0);
INSERT INTO `Acquiredproduct` VALUES(DEFAULT,2,'nicole81',3,419806,187169.427858,374338.855716,'danielle22','1977-05-31',0);
INSERT INTO `Acquiredproduct` VALUES(DEFAULT,6,'nicole81',13,9982793,3501620.37024,21009722.2215,'russellconner','2014-02-01',0);
INSERT INTO `Acquiredproduct` VALUES(DEFAULT,1,'nicole81',12,7296076,608743.626827,608743.626827,'kimberly19','1985-12-01',0);
INSERT INTO `Acquiredproduct` VALUES(DEFAULT,13,'nicole81',7,92388202,13475058.6749,0.0,'kimberly19','2006-05-09',0);
INSERT INTO `Acquiredproduct` VALUES(DEFAULT,15,'nicole81',9,7844597,944735.897651,5668415.38591,'casebradley','2008-07-14',0);
INSERT INTO `Acquiredproduct` VALUES(DEFAULT,3,'nicole81',11,1085847,232056.632864,696169.898593,'anthony76','1989-02-02',0);
INSERT INTO `Acquiredproduct` VALUES(DEFAULT,8,'nicole81',8,6039858,1165554.09236,6993324.55413,'eprice','1997-06-03',0);
INSERT INTO `Acquiredproduct` VALUES(DEFAULT,4,'wilsonderrick',11,10402808,1051328.11069,1051328.11069,'wilsonmeghan','1986-09-07',0);
INSERT INTO `Acquiredproduct` VALUES(DEFAULT,12,'wilsonderrick',20,47737745,21599649.0636,43199298.1272,'casebradley','2012-01-27',0);
INSERT INTO `Acquiredproduct` VALUES(DEFAULT,3,'wilsonderrick',7,1679700,413393.21213,0.0,'russellconner','1971-01-17',0);
INSERT INTO `Acquiredproduct` VALUES(DEFAULT,8,'wilsonderrick',15,64140178,9652855.94029,57917135.6417,'eprice','1976-07-21',0);
INSERT INTO `Acquiredproduct` VALUES(DEFAULT,5,'wilsonderrick',12,39062827,3496977.29743,10490931.8923,'annharris','1995-05-09',0);
INSERT INTO `Acquiredproduct` VALUES(DEFAULT,2,'wilsonderrick',9,4854789,1290774.6521,9035422.56471,'ochoaelizabeth','1999-04-16',0);
INSERT INTO `Acquiredproduct` VALUES(DEFAULT,6,'wilsonderrick',27,82809590,71668253.4362,358341267.181,'johnrice','1994-10-04',0);
INSERT INTO `Acquiredproduct` VALUES(DEFAULT,9,'wilsonderrick',32,71642941,2571071.27199,69418924.3436,'ruizbetty','2003-12-05',0);
INSERT INTO `Acquiredproduct` VALUES(DEFAULT,13,'wilsonderrick',15,79401372,5404418.0706,54044180.706,'johnrice','1995-10-25',0);
INSERT INTO `Acquiredproduct` VALUES(DEFAULT,1,'wilsonderrick',4,2192095,548688.306145,1646064.91844,'karenyoung','1977-07-06',0);
INSERT INTO `Acquiredproduct` VALUES(DEFAULT,10,'wilsonderrick',6,1648284,679373.735568,1358747.47114,'anthony76','1973-11-27',0);
INSERT INTO `Acquiredproduct` VALUES(DEFAULT,7,'wilsonderrick',3,9806074,5551435.848,0.0,'russellconner','1995-10-29',0);
INSERT INTO `Acquiredproduct` VALUES(DEFAULT,11,'wilsonderrick',12,6962299,4262029.76393,29834208.3475,'karenyoung','2005-12-17',0);
INSERT INTO `Acquiredproduct` VALUES(DEFAULT,2,'ztyler',15,5697111,1625927.03691,17885197.406,'djohnson','1979-12-19',0);
INSERT INTO `Acquiredproduct` VALUES(DEFAULT,9,'ztyler',6,4480119,857489.849538,857489.849538,'jamesmoore','2013-05-01',0);
INSERT INTO `Acquiredproduct` VALUES(DEFAULT,7,'ztyler',15,75597301,71215102.0926,854581225.111,'smithdalton','1978-12-12',0);
INSERT INTO `Acquiredproduct` VALUES(DEFAULT,1,'ztyler',13,8640201,665436.804861,665436.804861,'kimberly19','1976-01-29',0);
INSERT INTO `Acquiredproduct` VALUES(DEFAULT,4,'ztyler',3,66462725,24628460.6412,0.0,'nancyryan','1998-07-31',0);
INSERT INTO `Acquiredproduct` VALUES(DEFAULT,6,'ztyler',28,32341898,30332393.3819,121329573.527,'williamscarolyn','1973-02-24',0);
INSERT INTO `Acquiredproduct` VALUES(DEFAULT,5,'ztyler',17,56818058,3699223.02002,7398446.04005,'johnrice','2003-04-19',0);
INSERT INTO `Acquiredproduct` VALUES(DEFAULT,11,'ztyler',11,8591313,4858939.47388,48589394.7388,'russellconner','2008-10-26',0);
INSERT INTO `Acquiredproduct` VALUES(DEFAULT,10,'ztyler',20,87124259,89098208.2202,1781964164.4,'ibrock','1998-09-05',0);
INSERT INTO `Acquiredproduct` VALUES(DEFAULT,8,'ztyler',23,1107991,167888.524386,503665.573158,'alan67','1980-07-09',0);
INSERT INTO `Acquiredproduct` VALUES(DEFAULT,3,'ztyler',16,572319,124014.277601,496057.110402,'katherinedelacruz','1985-02-14',0);
INSERT INTO `Acquiredproduct` VALUES(DEFAULT,12,'codystewart',28,1658912,1293975.41209,9057827.88462,'casebradley','1980-07-28',0);
INSERT INTO `Acquiredproduct` VALUES(DEFAULT,16,'codystewart',8,883310,124813.652724,374440.958173,'ochoaelizabeth','1987-11-08',0);
INSERT INTO `Acquiredproduct` VALUES(DEFAULT,14,'codystewart',11,9762446,926829.984459,926829.984459,'jamesmoore','1995-10-05',0);
INSERT INTO `Acquiredproduct` VALUES(DEFAULT,11,'codystewart',21,738410,1152542.95186,9220343.61486,'eprice','2009-03-26',0);
INSERT INTO `Acquiredproduct` VALUES(DEFAULT,15,'codystewart',17,69645820,4440464.72539,39964182.5285,'djohnson','1971-06-16',0);
INSERT INTO `Acquiredproduct` VALUES(DEFAULT,5,'codystewart',26,276936,12439.7573532,261234.904417,'casebradley','1988-12-17',0);
INSERT INTO `Acquiredproduct` VALUES(DEFAULT,6,'codystewart',7,10824779,3500626.69652,21003760.1791,'kimberly19','1972-03-03',0);
INSERT INTO `Acquiredproduct` VALUES(DEFAULT,9,'codystewart',23,897992,44836.8733625,717389.973801,'yolanda97','1972-02-21',0);
INSERT INTO `Acquiredproduct` VALUES(DEFAULT,4,'codystewart',4,83993585,23343528.6729,0.0,'yolanda97','1994-08-05',0);
INSERT INTO `Acquiredproduct` VALUES(DEFAULT,13,'codystewart',7,1271499,185451.424091,185451.424091,'danielbutler','1973-06-05',0);
INSERT INTO `Acquiredproduct` VALUES(DEFAULT,1,'codystewart',20,93371077,4674215.13047,9348430.26093,'smithdalton','1979-09-12',0);
INSERT INTO `Acquiredproduct` VALUES(DEFAULT,3,'codystewart',18,7468822,1680456.59318,0.0,'karenyoung','1971-05-03',0);
INSERT INTO `Acquiredproduct` VALUES(DEFAULT,10,'codystewart',3,9397361,4926047.9643,9852095.92859,'jacqueline47','2001-12-10',0);
INSERT INTO `Acquiredproduct` VALUES(DEFAULT,7,'codystewart',4,34757791,17607622.8864,52822868.6593,'tina96','2016-08-13',0);
INSERT INTO `Acquiredproduct` VALUES(DEFAULT,8,'codystewart',28,60224735,9833356.61121,98333566.1121,'alan67','2013-04-29',0);
INSERT INTO `Acquiredproduct` VALUES(DEFAULT,2,'codystewart',20,8528273,2964020.97655,56316398.5545,'danielle22','2011-07-14',0);
INSERT INTO `Acquiredproduct` VALUES(DEFAULT,12,'collinsrobert',8,9496869,2865077.5165,11460310.066,'djohnson','1987-05-14',0);
INSERT INTO `Acquiredproduct` VALUES(DEFAULT,3,'collinsrobert',10,94235515,20496775.7615,61490327.2844,'nancyryan','1978-04-09',0);
INSERT INTO `Acquiredproduct` VALUES(DEFAULT,5,'collinsrobert',4,6761724,1731281.06025,3462562.1205,'danielbutler','2005-06-06',0);
INSERT INTO `Acquiredproduct` VALUES(DEFAULT,20,'collinsrobert',9,25664289,3417822.74491,17089113.7245,'eprice','2002-06-11',0);
INSERT INTO `Acquiredproduct` VALUES(DEFAULT,14,'collinsrobert',15,4437415,308939.119222,1544695.59611,'katherinedelacruz','1989-04-01',0);
INSERT INTO `Acquiredproduct` VALUES(DEFAULT,4,'collinsrobert',10,95471716,10613414.0596,31840242.1789,'danielbutler','2000-06-25',0);
INSERT INTO `Acquiredproduct` VALUES(DEFAULT,6,'collinsrobert',12,7139182,2414005.73044,0.0,'danielbutler','2015-02-07',0);
INSERT INTO `Acquiredproduct` VALUES(DEFAULT,8,'collinsrobert',10,99456597,17115051.5167,68460206.0666,'ibrock','2002-03-13',0);
INSERT INTO `Acquiredproduct` VALUES(DEFAULT,1,'collinsrobert',7,2302550,329334.595266,0.0,'russellconner','1971-02-02',0);
INSERT INTO `Acquiredproduct` VALUES(DEFAULT,19,'collinsrobert',8,60370561,23406432.2423,70219296.7269,'danielle22','1987-01-05',0);
INSERT INTO `Acquiredproduct` VALUES(DEFAULT,18,'collinsrobert',26,6260490,274969.236156,5774353.95928,'manningjoseph','1985-03-05',0);
INSERT INTO `Acquiredproduct` VALUES(DEFAULT,10,'collinsrobert',8,57372077,23983608.8751,0.0,'danielbutler','2005-05-01',0);
INSERT INTO `Acquiredproduct` VALUES(DEFAULT,2,'collinsrobert',4,8068703,2972718.41467,8918155.24402,'eprice','1982-12-08',0);
INSERT INTO `Acquiredproduct` VALUES(DEFAULT,13,'collinsrobert',11,67305757,6247003.04674,31235015.2337,'ochoaelizabeth','1985-01-21',0);
INSERT INTO `Acquiredproduct` VALUES(DEFAULT,11,'collinsrobert',10,8790222,4631312.16822,27787873.0093,'johnrice','1999-10-29',0);
INSERT INTO `Acquiredproduct` VALUES(DEFAULT,9,'collinsrobert',27,5299582,225407.592561,3155706.29585,'johnrice','1984-01-10',0);
INSERT INTO `Acquiredproduct` VALUES(DEFAULT,15,'collinsrobert',6,98755276,17839856.0792,89199280.3961,'alan67','1984-01-04',0);
INSERT INTO `Acquiredproduct` VALUES(DEFAULT,17,'collinsrobert',24,7355307,348638.491817,5926854.36089,'ibrock','2005-04-18',0);
INSERT INTO `Acquiredproduct` VALUES(DEFAULT,16,'collinsrobert',6,13734356,2587593.0914,0.0,'djohnson','1995-03-30',0);
INSERT INTO `Acquiredproduct` VALUES(DEFAULT,7,'collinsrobert',16,87806105,92520705.9429,555124235.658,'williamscarolyn','1989-05-05',0);
INSERT INTO `Acquiredproduct` VALUES(DEFAULT,1,'angelawatson',5,35288796,7066317.72917,7066317.72917,'eprice','1991-03-06',0);
INSERT INTO `Acquiredproduct` VALUES(DEFAULT,4,'angelawatson',12,55848268,5173790.53567,36216533.7497,'eprice','2011-05-29',0);
INSERT INTO `Acquiredproduct` VALUES(DEFAULT,3,'angelawatson',14,24758793,5248808.78146,47239279.0332,'danielbutler','1971-08-14',0);
INSERT INTO `Acquiredproduct` VALUES(DEFAULT,2,'angelawatson',26,38598024,18461073.4619,276916101.929,'kimberly19','1993-04-03',0);
INSERT INTO `Acquiredproduct` VALUES(DEFAULT,1,'hessalfred',26,89882076,3461195.02705,17305975.1352,'danielbutler','1995-06-19',0);
INSERT INTO `Acquiredproduct` VALUES(DEFAULT,5,'hessalfred',24,10792261,518945.768897,1556837.30669,'djohnson','2007-04-24',0);
INSERT INTO `Acquiredproduct` VALUES(DEFAULT,3,'hessalfred',18,44143751,9932176.37475,9932176.37475,'russellconner','1973-04-29',0);
INSERT INTO `Acquiredproduct` VALUES(DEFAULT,4,'hessalfred',8,5532290,768768.056761,4612608.34057,'russellconner','2006-11-01',0);
INSERT INTO `Acquiredproduct` VALUES(DEFAULT,7,'hessalfred',20,8533788,14576545.5416,247801274.206,'karenyoung','2013-03-26',0);
INSERT INTO `Acquiredproduct` VALUES(DEFAULT,2,'hessalfred',20,79203550,27527376.7171,550547534.342,'danielbutler','1986-01-20',0);
INSERT INTO `Acquiredproduct` VALUES(DEFAULT,6,'hessalfred',10,73962711,23763225.8429,23763225.8429,'ibrock','2003-05-02',0);
INSERT INTO `Acquiredproduct` VALUES(DEFAULT,9,'hessalfred',32,327728,11761.2710208,11761.2710208,'casebradley','2007-07-22',0);
INSERT INTO `Acquiredproduct` VALUES(DEFAULT,12,'hessalfred',28,3274170,2553900.07125,43416301.2112,'katherinedelacruz','1984-11-09',0);
INSERT INTO `Acquiredproduct` VALUES(DEFAULT,13,'hessalfred',4,17566094,4483605.57816,8967211.15633,'johnrice','1975-11-26',0);
INSERT INTO `Acquiredproduct` VALUES(DEFAULT,11,'hessalfred',11,8870922,5017076.32762,40136610.621,'johnrice','1971-08-21',0);
INSERT INTO `Acquiredproduct` VALUES(DEFAULT,10,'hessalfred',5,48240972,20518046.635,102590233.175,'barnesrobin','2009-07-23',0);
INSERT INTO `Acquiredproduct` VALUES(DEFAULT,8,'hessalfred',16,60760424,9050908.98531,0.0,'djohnson','1977-10-15',0);
INSERT INTO `Acquiredproduct` VALUES(DEFAULT,2,'qmoore',27,8177735,4149894.00522,20749470.0261,'williamscarolyn','1978-02-07',0);
INSERT INTO `Acquiredproduct` VALUES(DEFAULT,4,'qmoore',6,35943100,6659546.56293,26638186.2517,'jamesmoore','2015-10-30',0);
INSERT INTO `Acquiredproduct` VALUES(DEFAULT,1,'qmoore',16,9416898,589269.832371,5892698.32371,'smithdalton','2009-04-03',0);
INSERT INTO `Acquiredproduct` VALUES(DEFAULT,5,'qmoore',20,58825253,3314243.82513,53027901.202,'danielbutler','1998-04-28',0);
INSERT INTO `Acquiredproduct` VALUES(DEFAULT,8,'qmoore',23,6293410,953610.018724,20979420.4119,'alan67','1973-01-27',0);
INSERT INTO `Acquiredproduct` VALUES(DEFAULT,6,'qmoore',11,57432908,18851675.392,56555026.176,'danielle22','2005-04-16',0);
INSERT INTO `Acquiredproduct` VALUES(DEFAULT,3,'qmoore',6,73293881,19471483.1553,58414449.4658,'russellconner','1975-12-01',0);
INSERT INTO `Acquiredproduct` VALUES(DEFAULT,7,'qmoore',5,25538407,12348365.8935,37045097.6805,'kimberly19','2006-06-10',0);
INSERT INTO `Acquiredproduct` VALUES(DEFAULT,15,'smithjane',10,86832140,9411585.548,56469513.288,'wilsonmeghan','1976-05-09',0);
INSERT INTO `Acquiredproduct` VALUES(DEFAULT,12,'smithjane',24,5326336,3120003.39305,40560044.1097,'johnrice','1988-07-12',0);
INSERT INTO `Acquiredproduct` VALUES(DEFAULT,2,'smithjane',17,74263503,22702263.378,204320370.402,'barnesrobin','1986-04-12',0);
INSERT INTO `Acquiredproduct` VALUES(DEFAULT,8,'smithjane',10,83442588,14359270.6304,143592706.304,'anthony76','1993-03-21',0);
INSERT INTO `Acquiredproduct` VALUES(DEFAULT,5,'smithjane',6,7998046,1381617.55107,5526470.20427,'ochoaelizabeth','2003-12-30',0);
INSERT INTO `Acquiredproduct` VALUES(DEFAULT,9,'smithjane',34,9636778,325494.478419,1301977.91368,'barnesrobin','1999-08-15',0);
INSERT INTO `Acquiredproduct` VALUES(DEFAULT,4,'smithjane',12,35780348,3314695.91582,36461655.074,'danielle22','2002-08-31',0);
INSERT INTO `Acquiredproduct` VALUES(DEFAULT,7,'smithjane',13,72572699,55415686.3388,498741177.049,'annharris','2000-02-06',0);
INSERT INTO `Acquiredproduct` VALUES(DEFAULT,14,'smithjane',8,3613319,471683.227733,2830099.3664,'ruizbetty','2006-06-01',0);
INSERT INTO `Acquiredproduct` VALUES(DEFAULT,3,'smithjane',7,2145380,528002.33937,1056004.67874,'katherinedelacruz','1990-11-29',0);
INSERT INTO `Acquiredproduct` VALUES(DEFAULT,10,'smithjane',3,4557522,2389029.42755,7167088.28266,'barnesrobin','1986-02-14',0);
INSERT INTO `Acquiredproduct` VALUES(DEFAULT,6,'smithjane',24,1992862,1367124.80331,32810995.2795,'wilsonmeghan','1975-11-23',0);
INSERT INTO `Acquiredproduct` VALUES(DEFAULT,1,'smithjane',23,33911570,1476204.02456,33952692.5649,'kimberly19','2001-01-17',0);
INSERT INTO `Acquiredproduct` VALUES(DEFAULT,11,'smithjane',16,8522848,7606616.11357,76066161.1357,'jamesmoore','1993-02-08',0);
INSERT INTO `Acquiredproduct` VALUES(DEFAULT,16,'smithjane',21,174822,9410.5655175,18821.131035,'ochoaelizabeth','1996-02-27',0);
INSERT INTO `Acquiredproduct` VALUES(DEFAULT,13,'smithjane',9,50679494,5749127.63435,28745638.1718,'karenyoung','2008-04-15',0);
INSERT INTO `Acquiredproduct` VALUES(DEFAULT,3,'idelgado',15,56918035,12172087.1073,158237132.395,'alan67','1982-10-29',0);
INSERT INTO `Acquiredproduct` VALUES(DEFAULT,10,'idelgado',23,3617760,5059245.63403,5059245.63403,'nancyryan','1972-02-10',0);
INSERT INTO `Acquiredproduct` VALUES(DEFAULT,7,'idelgado',17,5464036,6465110.86237,77581330.3485,'anthony76','1989-03-03',0);
INSERT INTO `Acquiredproduct` VALUES(DEFAULT,12,'idelgado',9,4563698,1366315.65299,10930525.2239,'anthony76','2007-06-02',0);
INSERT INTO `Acquiredproduct` VALUES(DEFAULT,13,'idelgado',15,41030644,2792732.01831,33512784.2197,'eprice','1998-07-08',0);
INSERT INTO `Acquiredproduct` VALUES(DEFAULT,14,'idelgado',7,1895017,282715.217993,282715.217993,'smithdalton','1984-04-11',0);
INSERT INTO `Acquiredproduct` VALUES(DEFAULT,2,'idelgado',15,27311878,7794673.62826,38973368.1413,'kimberly19','1992-10-09',0);
INSERT INTO `Acquiredproduct` VALUES(DEFAULT,6,'idelgado',22,6729332,3987612.40049,43863736.4054,'danielle22','2000-03-23',0);
INSERT INTO `Acquiredproduct` VALUES(DEFAULT,9,'idelgado',35,29666307,973388.320104,8760494.88094,'anthony76','1994-07-08',0);
INSERT INTO `Acquiredproduct` VALUES(DEFAULT,4,'idelgado',12,80006573,7411818.93373,66706370.4036,'djohnson','1991-03-17',0);
INSERT INTO `Acquiredproduct` VALUES(DEFAULT,8,'idelgado',25,64408437,10008391.6053,220184615.317,'casebradley','1981-05-16',0);
INSERT INTO `Acquiredproduct` VALUES(DEFAULT,11,'idelgado',5,7960433,3654422.80906,7308845.61812,'jamesmoore','1973-04-22',0);
INSERT INTO `Acquiredproduct` VALUES(DEFAULT,1,'idelgado',15,8954703,597704.122751,597704.122751,'yolanda97','2014-09-20',0);
INSERT INTO `Acquiredproduct` VALUES(DEFAULT,5,'idelgado',14,97658133,7583607.28466,91003287.416,'alan67','1972-04-17',0);
INSERT INTO `Acquiredproduct` VALUES(DEFAULT,7,'lovesteven',19,43963079,66252172.1875,927530410.625,'djohnson','1971-11-15',0);
INSERT INTO `Acquiredproduct` VALUES(DEFAULT,6,'lovesteven',19,9884268,4778447.31935,9556894.6387,'casebradley','2001-04-24',0);
INSERT INTO `Acquiredproduct` VALUES(DEFAULT,4,'lovesteven',4,9208841,2559324.54755,2559324.54755,'kimberly19','1972-03-12',0);
INSERT INTO `Acquiredproduct` VALUES(DEFAULT,9,'lovesteven',30,16274187,622972.298815,9344584.48223,'jacqueline47','1970-06-05',0);
INSERT INTO `Acquiredproduct` VALUES(DEFAULT,12,'lovesteven',10,1157315,348144.050074,3481440.50074,'smithdalton','2000-07-24',0);
INSERT INTO `Acquiredproduct` VALUES(DEFAULT,3,'lovesteven',5,8660231,2554435.50997,7663306.5299,'ochoaelizabeth','2004-08-20',0);
INSERT INTO `Acquiredproduct` VALUES(DEFAULT,1,'lovesteven',18,6123161,340588.122052,3065293.09847,'tina96','2009-08-23',0);
INSERT INTO `Acquiredproduct` VALUES(DEFAULT,2,'lovesteven',29,68439195,39253613.9968,549550595.955,'manningjoseph','1977-05-06',0);
INSERT INTO `Acquiredproduct` VALUES(DEFAULT,11,'lovesteven',7,99988316,45713467.2002,228567336.001,'eprice','1999-12-25',0);
INSERT INTO `Acquiredproduct` VALUES(DEFAULT,8,'lovesteven',27,6422517,1030034.94721,27810943.5747,'jacqueline47','1979-09-01',0);
INSERT INTO `Acquiredproduct` VALUES(DEFAULT,13,'lovesteven',10,8501221,867947.578939,6943580.63151,'djohnson','1983-01-04',0);
INSERT INTO `Acquiredproduct` VALUES(DEFAULT,5,'lovesteven',24,8843731,425250.722134,9780766.60908,'katherinedelacruz','1978-03-31',0);
INSERT INTO `Acquiredproduct` VALUES(DEFAULT,10,'lovesteven',20,3116792,3187408.25784,0.0,'nancyryan','2010-01-24',0);
INSERT INTO `Acquiredproduct` VALUES(DEFAULT,11,'sadams',4,98650951,47942753.0882,143828259.264,'ruizbetty','1994-03-30',0);
INSERT INTO `Acquiredproduct` VALUES(DEFAULT,5,'sadams',21,8058984,435014.946512,0.0,'annharris','1993-03-19',0);
INSERT INTO `Acquiredproduct` VALUES(DEFAULT,9,'sadams',19,4036208,243955.507053,1707688.54937,'wilsonmeghan','2014-10-21',0);
INSERT INTO `Acquiredproduct` VALUES(DEFAULT,4,'sadams',13,75057600,6418472.72839,83440145.4691,'kimberly19','1985-08-23',0);
INSERT INTO `Acquiredproduct` VALUES(DEFAULT,2,'sadams',13,7357245,1995742.37891,23948908.547,'jamesmoore','2008-07-25',0);
INSERT INTO `Acquiredproduct` VALUES(DEFAULT,12,'sadams',15,56264120,19570474.9013,234845698.816,'manningjoseph','1975-11-20',0);
INSERT INTO `Acquiredproduct` VALUES(DEFAULT,3,'sadams',5,686075,202365.773211,607097.319633,'annharris','1995-12-24',0);
INSERT INTO `Acquiredproduct` VALUES(DEFAULT,8,'sadams',5,44601826,11701861.199,0.0,'annharris','2006-07-03',0);
INSERT INTO `Acquiredproduct` VALUES(DEFAULT,10,'sadams',22,65885037,82832347.3576,911155820.934,'casebradley','2000-11-10',0);
INSERT INTO `Acquiredproduct` VALUES(DEFAULT,1,'sadams',4,57569877,14409922.1503,14409922.1503,'eprice','1982-09-09',0);
INSERT INTO `Acquiredproduct` VALUES(DEFAULT,7,'sadams',10,76922240,44959689.4145,0.0,'williamscarolyn','1995-07-02',0);
INSERT INTO `Acquiredproduct` VALUES(DEFAULT,6,'sadams',27,85883078,74328229.3752,1635221046.25,'eprice','1994-10-01',0);
INSERT INTO `Acquiredproduct` VALUES(DEFAULT,2,'rwest',6,16998001,5068292.2846,5068292.2846,'danielbutler','1987-01-29',0);
INSERT INTO `Acquiredproduct` VALUES(DEFAULT,3,'rwest',13,6739787,1423688.71733,4271066.15199,'ibrock','2010-05-10',0);
INSERT INTO `Acquiredproduct` VALUES(DEFAULT,1,'rwest',23,8680339,377863.701573,6045819.22517,'johnrice','2009-12-14',0);
INSERT INTO `Acquiredproduct` VALUES(DEFAULT,4,'rwest',9,45251340,5589453.06638,11178906.1328,'ochoaelizabeth','1990-04-28',0);
INSERT INTO `Acquiredproduct` VALUES(DEFAULT,3,'armstrongsteven',5,6530330,1926196.52337,5778589.57012,'katherinedelacruz','2000-07-25',0);
INSERT INTO `Acquiredproduct` VALUES(DEFAULT,1,'armstrongsteven',34,22777636,670742.855838,5365942.84671,'katherinedelacruz','1991-01-15',0);
INSERT INTO `Acquiredproduct` VALUES(DEFAULT,2,'armstrongsteven',28,16571183,8934406.8674,8934406.8674,'ochoaelizabeth','2014-06-14',0);
INSERT INTO `Acquiredproduct` VALUES(DEFAULT,3,'kpittman',5,2255050,665153.134686,1995459.40406,'ibrock','1971-09-27',0);
INSERT INTO `Acquiredproduct` VALUES(DEFAULT,10,'kpittman',14,843970,498575.440599,6481480.72779,'karenyoung','1991-05-18',0);
INSERT INTO `Acquiredproduct` VALUES(DEFAULT,5,'kpittman',26,62196861,2793836.33392,36319872.341,'jacqueline47','2004-11-30',0);
INSERT INTO `Acquiredproduct` VALUES(DEFAULT,12,'kpittman',6,536782,173233.201219,519699.603658,'wilsonmeghan','2016-01-26',0);
INSERT INTO `Acquiredproduct` VALUES(DEFAULT,1,'kpittman',23,73241935,3188293.52972,38259522.3567,'yolanda97','1981-11-11',0);
INSERT INTO `Acquiredproduct` VALUES(DEFAULT,9,'kpittman',4,95652511,27461678.1157,54923356.2314,'danielbutler','1984-09-12',0);
INSERT INTO `Acquiredproduct` VALUES(DEFAULT,8,'kpittman',12,1398332,223523.19097,2235231.9097,'alan67','1975-02-10',0);
INSERT INTO `Acquiredproduct` VALUES(DEFAULT,2,'kpittman',18,3899922,1240590.84757,22330635.2563,'kimberly19','2013-09-01',0);
INSERT INTO `Acquiredproduct` VALUES(DEFAULT,6,'kpittman',10,92300695,29654973.8522,177929843.113,'jacqueline47','2014-03-01',0);
INSERT INTO `Acquiredproduct` VALUES(DEFAULT,13,'kpittman',13,3263230,256281.066343,1281405.33171,'ibrock','1993-02-25',0);
INSERT INTO `Acquiredproduct` VALUES(DEFAULT,4,'kpittman',5,8507126,1891442.92107,7565771.6843,'danielle22','1971-08-26',0);
INSERT INTO `Acquiredproduct` VALUES(DEFAULT,11,'kpittman',24,79702013,179204188.671,1254429320.7,'johnrice','1972-01-15',0);
INSERT INTO `Acquiredproduct` VALUES(DEFAULT,14,'kpittman',3,85028900,29599162.434,88797487.302,'kimberly19','1987-06-04',0);
INSERT INTO `Acquiredproduct` VALUES(DEFAULT,7,'kpittman',10,1139404,665961.49511,5327691.96088,'danielle22','1998-07-10',0);
INSERT INTO `Acquiredproduct` VALUES(DEFAULT,4,'nicoleowens',8,9649612,1340911.89467,2681823.78933,'casebradley','2015-08-14',0);
INSERT INTO `Acquiredproduct` VALUES(DEFAULT,3,'nicoleowens',3,1020940,429655.37319,429655.37319,'williamscarolyn','2011-07-03',0);
INSERT INTO `Acquiredproduct` VALUES(DEFAULT,10,'nicoleowens',23,5009229,7005141.28856,0.0,'williamscarolyn','2010-05-25',0);
INSERT INTO `Acquiredproduct` VALUES(DEFAULT,7,'nicoleowens',25,6084002,20099154.528,120594927.168,'manningjoseph','1988-11-01',0);
INSERT INTO `Acquiredproduct` VALUES(DEFAULT,8,'nicoleowens',11,14507199,2396127.70228,21565149.3205,'barnesrobin','2003-02-04',0);
INSERT INTO `Acquiredproduct` VALUES(DEFAULT,1,'nicoleowens',24,87541873,3652001.24486,7304002.48973,'nancyryan','1986-09-14',0);
INSERT INTO `Acquiredproduct` VALUES(DEFAULT,5,'nicoleowens',9,90842017,10650672.9868,74554710.9078,'manningjoseph','1981-09-06',0);
INSERT INTO `Acquiredproduct` VALUES(DEFAULT,12,'nicoleowens',15,9104581,3166866.80513,34835534.8564,'kimberly19','2004-10-26',0);
INSERT INTO `Acquiredproduct` VALUES(DEFAULT,6,'nicoleowens',25,97108710,71870325.5328,359351627.664,'alan67','1992-08-31',0);
INSERT INTO `Acquiredproduct` VALUES(DEFAULT,11,'nicoleowens',21,42406760,66190344.5906,794284135.087,'alan67','2005-07-15',0);
INSERT INTO `Acquiredproduct` VALUES(DEFAULT,9,'nicoleowens',8,5827924,836593.683205,5856155.78244,'jamesmoore','1980-08-19',0);
INSERT INTO `Acquiredproduct` VALUES(DEFAULT,2,'nicoleowens',6,22799837,6798225.15349,40789350.9209,'annharris','2012-12-30',0);
INSERT INTO `Acquiredproduct` VALUES(DEFAULT,13,'nicoleowens',9,57591159,6533193.16293,0.0,'tina96','1984-08-20',0);
INSERT INTO `Acquiredproduct` VALUES(DEFAULT,2,'joshuagutierrez',27,30268426,15360091.713,61440366.8521,'danielle22','2007-04-13',0);
INSERT INTO `Acquiredproduct` VALUES(DEFAULT,11,'joshuagutierrez',7,33141160,15151743.6361,75758718.1805,'alan67','1984-05-14',0);
INSERT INTO `Acquiredproduct` VALUES(DEFAULT,17,'joshuagutierrez',19,3927360,235143.448578,1175717.24289,'ibrock','2008-02-08',0);
INSERT INTO `Acquiredproduct` VALUES(DEFAULT,10,'joshuagutierrez',16,8224789,5749269.64121,11498539.2824,'katherinedelacruz','2001-02-05',0);
INSERT INTO `Acquiredproduct` VALUES(DEFAULT,1,'joshuagutierrez',30,6231390,207964.881329,831859.525317,'yolanda97','1988-10-18',0);
INSERT INTO `Acquiredproduct` VALUES(DEFAULT,5,'joshuagutierrez',13,66228276,5505579.25351,0.0,'alan67','1984-09-20',0);
INSERT INTO `Acquiredproduct` VALUES(DEFAULT,8,'joshuagutierrez',28,5038511,822676.520743,822676.520743,'eprice','2000-08-15',0);
INSERT INTO `Acquiredproduct` VALUES(DEFAULT,15,'joshuagutierrez',4,1032951,279899.433073,559798.866145,'djohnson','2008-04-21',0);
INSERT INTO `Acquiredproduct` VALUES(DEFAULT,12,'joshuagutierrez',26,4926025,3319880.80423,0.0,'alan67','2002-01-03',0);
INSERT INTO `Acquiredproduct` VALUES(DEFAULT,9,'joshuagutierrez',23,1874781,93608.0925882,1216905.20365,'ibrock','2003-03-19',0);
INSERT INTO `Acquiredproduct` VALUES(DEFAULT,4,'joshuagutierrez',8,77390222,10754159.7746,64524958.6474,'smithdalton','1994-01-15',0);
INSERT INTO `Acquiredproduct` VALUES(DEFAULT,3,'joshuagutierrez',14,59884702,12695422.985,76172537.9099,'anthony76','1975-09-12',0);
INSERT INTO `Acquiredproduct` VALUES(DEFAULT,16,'joshuagutierrez',15,41893188,3157119.96531,31571199.6531,'williamscarolyn','1975-08-23',0);
INSERT INTO `Acquiredproduct` VALUES(DEFAULT,14,'joshuagutierrez',13,46607386,3744083.36144,22464500.1687,'eprice','2001-06-14',0);
INSERT INTO `Acquiredproduct` VALUES(DEFAULT,7,'joshuagutierrez',21,50298768,97624304.0235,1561988864.38,'djohnson','1988-03-22',0);
INSERT INTO `Acquiredproduct` VALUES(DEFAULT,13,'joshuagutierrez',5,84564428,17267517.3477,0.0,'manningjoseph','2000-05-26',0);
INSERT INTO `Acquiredproduct` VALUES(DEFAULT,6,'joshuagutierrez',20,20210923,10431368.8064,208627376.128,'danielbutler','2009-10-08',0);
INSERT INTO `Acquiredproduct` VALUES(DEFAULT,1,'patricksnyder',3,41283935,13777999.1993,13777999.1993,'djohnson','2006-06-11',0);
INSERT INTO `Acquiredproduct` VALUES(DEFAULT,3,'matthew03',12,32600552,6902538.4976,75927923.4736,'casebradley','2011-11-06',0);
INSERT INTO `Acquiredproduct` VALUES(DEFAULT,5,'matthew03',22,8403275,435573.658701,2613441.9522,'kimberly19','2013-02-28',0);
INSERT INTO `Acquiredproduct` VALUES(DEFAULT,8,'matthew03',27,86351992,13849020.4886,249282368.795,'danielbutler','1979-06-30',0);
INSERT INTO `Acquiredproduct` VALUES(DEFAULT,4,'matthew03',5,686172,152560.943853,152560.943853,'danielle22','1989-10-10',0);
INSERT INTO `Acquiredproduct` VALUES(DEFAULT,2,'matthew03',4,3695660,1361576.51811,0.0,'anthony76','1971-09-16',0);
INSERT INTO `Acquiredproduct` VALUES(DEFAULT,7,'matthew03',25,9286210,30677992.8358,521525878.209,'smithdalton','2002-11-24',0);
INSERT INTO `Acquiredproduct` VALUES(DEFAULT,6,'matthew03',12,83373640,28191527.3665,84574582.0994,'wilsonmeghan','2003-04-27',0);
INSERT INTO `Acquiredproduct` VALUES(DEFAULT,1,'matthew03',14,24227682,1732647.24885,19059119.7374,'casebradley','1976-05-12',0);
INSERT INTO `Acquiredproduct` VALUES(DEFAULT,1,'stephanie14',16,8948010,559928.795316,4479430.36253,'barnesrobin','1971-08-06',0);
INSERT INTO `Acquiredproduct` VALUES(DEFAULT,4,'osanchez',9,86814107,10723292.9804,10723292.9804,'ibrock','2009-07-05',0);
INSERT INTO `Acquiredproduct` VALUES(DEFAULT,6,'osanchez',11,82009881,26918777.22,107675108.88,'tina96','1987-05-26',0);
INSERT INTO `Acquiredproduct` VALUES(DEFAULT,3,'osanchez',14,28599804,6063094.52901,78820228.8772,'danielbutler','1971-04-22',0);
INSERT INTO `Acquiredproduct` VALUES(DEFAULT,1,'osanchez',22,2966391,134999.462171,269998.924342,'alan67','1993-11-30',0);
INSERT INTO `Acquiredproduct` VALUES(DEFAULT,2,'osanchez',3,54168008,24150667.3691,0.0,'manningjoseph','1976-07-24',0);
INSERT INTO `Acquiredproduct` VALUES(DEFAULT,5,'osanchez',5,13133365,2706254.72445,10825018.8978,'barnesrobin','1989-11-17',0);
